States,Place,Details
NSW,,
,BCMC - Let's Go Caravanning and Camping Australia,info@bcmc.com.au
,Parravans Caravan World - Let's Go Caravanning and Camping Australia,sales@parravans.com.au
,Jayco Sydney - Let's Go Caravanning and Camping Australia,sales@jaycosydney.com.au
,Sydney RV Group - Let's Go Caravanning and Camping Australia,info@sydneyrv.com.au
,Camden Caravans - Let's Go Caravanning and Camping Australia,sales@camdencaravan.com.au
,Fulchers Caravans - Let's Go Caravanning and Camping Australia,office@fulchers.com.au
,Jayco Nowra - Let's Go Caravanning and Camping Australia,phill@jayconowra.com.au
,Alan Grahams Caravans & RVs - Let's Go Caravanning and Camping Australia,info@alangraham.com.au
,Tocumwal Caravans - Let's Go Caravanning and Camping Australia,enquiries@tocumwalcaravans.com.au
,Watsons Caravans – Port Macquarie - Let's Go Caravanning and Camping Australia,info@watsonsjayco.com.au
,Seventh Street Caravans - Let's Go Caravanning and Camping Australia,sales@7thstreetcaravans.com.au
,Watson’s Caravans – Coffs Harbour - Let's Go Caravanning and Camping Australia,sales@watsonscaravans.com.au
,Australian Motorhomes - Let's Go Caravanning and Camping Australia,admin@australianmotorhomes.com.au
,East Coast Caravans - Let's Go Caravanning and Camping Australia,scott@eastcoastcaravans.net.au
,Central Coast Crusader - Let's Go Caravanning and Camping Australia,info@centralcoastcrusader.com.au
,Jayco Canberra - Let's Go Caravanning and Camping Australia,sales@jaycocanberra.com.au
,Chapmans Caravan Centre - Let's Go Caravanning and Camping Australia,chapmanmotors@optusnet.com.au
,Newcastle Caravans & Homes - Let's Go Caravanning and Camping Australia,info@newcastlecaravans.com
,Sydney RV Group – Penrith - Let's Go Caravanning and Camping Australia,info@sydneyrvcentre.com.au
,Mountain Trail Campers Pty Ltd - Let's Go Caravanning and Camping Australia,nick@mountaintrailcampers.com.au
,Parkes Caravans - Let's Go Caravanning and Camping Australia,sales@parkescaravans.com.au
,Jayco Griffith - Let's Go Caravanning and Camping Australia,enquiries@griffithmarineandcaravans.com.au
,Canobolas Caravans & Marine Centre - Let's Go Caravanning and Camping Australia,canobolasmarine@bigpond.com.au
,New World Caravans & Campers - Let's Go Caravanning and Camping Australia,wendy@newworldcaravans.com.au
,Lanhams Cars & Caravans - Let's Go Caravanning and Camping Australia,lanhams1@bigpond.com
,Puma RV’s Australia - Let's Go Caravanning and Camping Australia,pumarv@bigpond.com
,Ryan’s Caravans - Let's Go Caravanning and Camping Australia,ryanscaravans@westnet.com.au
,Jayco Nowra - Let's Go Caravanning and Camping Australia,phill@jayconowra.com.au
,Perkins Caravans - Let's Go Caravanning and Camping Australia,perkinscaravans@bigpond.com.au
,Aussie Recreational Vehicles - Let's Go Caravanning and Camping Australia,info@aussierv.com.au
,Avida Shoalhaven - Let's Go Caravanning and Camping Australia,cmcsales@countrymotor.com.au
,Caravan City Sales - Let's Go Caravanning and Camping Australia,info@caravanclassifieds.com.au
,Jayco Albury Wodonga - Let's Go Caravanning and Camping Australia,sales@jaycoaw.com.au
,Wagga Caravan Centre - Let's Go Caravanning and Camping Australia,sales@waggacaravancentre.com.au
,The Caravan Company - Let's Go Caravanning and Camping Australia,service@thecaravancompany.com.au
,Jayco Newcastle - Let's Go Caravanning and Camping Australia,info@jayconewcastle.com.au
,Watsons Caravans – Port Macquarie - Let's Go Caravanning and Camping Australia,info@watsonsjayco.com.au
,Hinterland Caravans Morisset - Let's Go Caravanning and Camping Australia,John.sealie@hinterland.com.au
,Jayco Newcastle - Let's Go Caravanning and Camping Australia,info@jayconewcastle.com.au
,Lloyds Caravans - Let's Go Caravanning and Camping Australia,
